{
  "training_stats": {
    "training_time": 0.036576271057128906,
    "vocab_size": 350,
    "model_type": "bpe",
    "corpus_path": "/home/orojoa/NetworkTokenizers/data/network_corpus.txt",
    "model_prefix": "vocab/20250804_132247-network_corpus/network_model"
  },
  "corpus_stats": {
    "total_lines": 141,
    "total_tokens": 62704,
    "avg_tokens_per_line": 444.709219858156,
    "max_tokens_per_line": 1514,
    "min_tokens_per_line": 42,
    "file_size_mb": 0.20789718627929688,
    "unique_tokens_sample": 256
  },
  "evaluation_stats": {
    "vocab_size": 350,
    "avg_pieces_per_sentence": 62.704,
    "compression_ratio": 1.0,
    "sample_encodings": [
      {
        "original": "0 31 243 60 225 19 248 30 223 229 132 58 8 0 69 0 0 79 222 83 64 0 64 6 71 171 172 16 11 12 74 125 1...",
        "original_tokens": 93,
        "pieces": [
          "0",
          "\u258131",
          "\u2581243",
          "\u258160",
          "\u2581225",
          "\u258119",
          "\u2581248",
          "\u258130",
          "\u2581223",
          "\u2581229",
          "\u2581132",
          "\u258158",
          "\u25818",
          "\u25810",
          "\u258169",
          "\u25810",
          "\u25810",
          "\u258179",
          "\u2581222",
          "\u258183",
          "..."
        ],
        "piece_count": 93,
        "compression": "93/93 = 1.00"
      },
      {
        "original": "0 31 243 60 225 19 248 30 223 229 132 58 8 0 69 0 0 52 76 5 64 0 64 6 218 20 172 16 11 12 74 125 19 ...",
        "original_tokens": 66,
        "pieces": [
          "0",
          "\u258131",
          "\u2581243",
          "\u258160",
          "\u2581225",
          "\u258119",
          "\u2581248",
          "\u258130",
          "\u2581223",
          "\u2581229",
          "\u2581132",
          "\u258158",
          "\u25818",
          "\u25810",
          "\u258169",
          "\u25810",
          "\u25810",
          "\u258152",
          "\u258176",
          "\u25815",
          "..."
        ],
        "piece_count": 66,
        "compression": "66/66 = 1.00"
      },
      {
        "original": "248 30 223 229 132 58 0 31 243 60 225 19 8 0 69 32 0 52 171 79 0 0 54 6 196 170 74 125 19 17 172 16 ...",
        "original_tokens": 66,
        "pieces": [
          "248",
          "\u258130",
          "\u2581223",
          "\u2581229",
          "\u2581132",
          "\u258158",
          "\u25810",
          "\u258131",
          "\u2581243",
          "\u258160",
          "\u2581225",
          "\u258119",
          "\u25818",
          "\u25810",
          "\u258169",
          "\u258132",
          "\u25810",
          "\u258152",
          "\u2581171",
          "\u258179",
          "..."
        ],
        "piece_count": 66,
        "compression": "66/66 = 1.00"
      },
      {
        "original": "0 31 243 60 225 19 248 30 223 229 132 58 8 0 69 0 0 52 252 23 64 0 64 6 42 2 172 16 11 12 74 125 19 ...",
        "original_tokens": 66,
        "pieces": [
          "0",
          "\u258131",
          "\u2581243",
          "\u258160",
          "\u2581225",
          "\u258119",
          "\u2581248",
          "\u258130",
          "\u2581223",
          "\u2581229",
          "\u2581132",
          "\u258158",
          "\u25818",
          "\u25810",
          "\u258169",
          "\u25810",
          "\u25810",
          "\u258152",
          "\u2581252",
          "\u258123",
          "..."
        ],
        "piece_count": 66,
        "compression": "66/66 = 1.00"
      },
      {
        "original": "248 30 223 229 132 58 0 31 243 60 225 19 8 0 69 32 0 52 171 80 0 0 54 6 196 169 74 125 19 17 172 16 ...",
        "original_tokens": 66,
        "pieces": [
          "248",
          "\u258130",
          "\u2581223",
          "\u2581229",
          "\u2581132",
          "\u258158",
          "\u25810",
          "\u258131",
          "\u2581243",
          "\u258160",
          "\u2581225",
          "\u258119",
          "\u25818",
          "\u25810",
          "\u258169",
          "\u258132",
          "\u25810",
          "\u258152",
          "\u2581171",
          "\u258180",
          "..."
        ],
        "piece_count": 66,
        "compression": "66/66 = 1.00"
      },
      {
        "original": "0 31 243 60 225 19 248 30 223 229 132 58 8 0 69 0 0 52 23 13 64 0 64 6 15 13 172 16 11 12 74 125 19 ...",
        "original_tokens": 66,
        "pieces": [
          "0",
          "\u258131",
          "\u2581243",
          "\u258160",
          "\u2581225",
          "\u258119",
          "\u2581248",
          "\u258130",
          "\u2581223",
          "\u2581229",
          "\u2581132",
          "\u258158",
          "\u25818",
          "\u25810",
          "\u258169",
          "\u25810",
          "\u25810",
          "\u258152",
          "\u258123",
          "\u258113",
          "..."
        ],
        "piece_count": 66,
        "compression": "66/66 = 1.00"
      },
      {
        "original": "248 30 223 229 132 58 0 31 243 60 225 19 8 0 69 32 0 52 171 81 0 0 54 6 196 168 74 125 19 17 172 16 ...",
        "original_tokens": 66,
        "pieces": [
          "248",
          "\u258130",
          "\u2581223",
          "\u2581229",
          "\u2581132",
          "\u258158",
          "\u25810",
          "\u258131",
          "\u2581243",
          "\u258160",
          "\u2581225",
          "\u258119",
          "\u25818",
          "\u25810",
          "\u258169",
          "\u258132",
          "\u25810",
          "\u258152",
          "\u2581171",
          "\u258181",
          "..."
        ],
        "piece_count": 66,
        "compression": "66/66 = 1.00"
      },
      {
        "original": "0 31 243 60 225 19 248 30 223 229 132 58 8 0 69 0 0 52 76 114 64 0 64 6 217 167 172 16 11 12 74 125 ...",
        "original_tokens": 66,
        "pieces": [
          "0",
          "\u258131",
          "\u2581243",
          "\u258160",
          "\u2581225",
          "\u258119",
          "\u2581248",
          "\u258130",
          "\u2581223",
          "\u2581229",
          "\u2581132",
          "\u258158",
          "\u25818",
          "\u25810",
          "\u258169",
          "\u25810",
          "\u25810",
          "\u258152",
          "\u258176",
          "\u2581114",
          "..."
        ],
        "piece_count": 66,
        "compression": "66/66 = 1.00"
      },
      {
        "original": "248 30 223 229 132 58 0 31 243 60 225 19 8 0 69 32 0 64 171 82 0 0 54 6 196 155 74 125 19 17 172 16 ...",
        "original_tokens": 78,
        "pieces": [
          "248",
          "\u258130",
          "\u2581223",
          "\u2581229",
          "\u2581132",
          "\u258158",
          "\u25810",
          "\u258131",
          "\u2581243",
          "\u258160",
          "\u2581225",
          "\u258119",
          "\u25818",
          "\u25810",
          "\u258169",
          "\u258132",
          "\u25810",
          "\u258164",
          "\u2581171",
          "\u258182",
          "..."
        ],
        "piece_count": 78,
        "compression": "78/78 = 1.00"
      },
      {
        "original": "255 255 255 255 255 255 0 31 243 60 225 19 8 6 0 1 8 0 6 4 0 1 0 31 243 60 225 19 172 16 11 1 0 0 0 ...",
        "original_tokens": 42,
        "pieces": [
          "255",
          "\u2581255",
          "\u2581255",
          "\u2581255",
          "\u2581255",
          "\u2581255",
          "\u25810",
          "\u258131",
          "\u2581243",
          "\u258160",
          "\u2581225",
          "\u258119",
          "\u25818",
          "\u25816",
          "\u25810",
          "\u25811",
          "\u25818",
          "\u25810",
          "\u25816",
          "\u25814",
          "..."
        ],
        "piece_count": 42,
        "compression": "42/42 = 1.00"
      }
    ],
    "vocabulary_usage": {
      "unique_pieces_used": 259,
      "vocab_utilization": 0.74,